Datetime,Water Level (m)
2025-04-27 18:00:00,-0.32165813
2025-04-27 19:00:00,-0.74790496
2025-04-27 20:00:00,-1.0374022
2025-04-27 21:00:00,-1.1038096
2025-04-27 22:00:00,-0.9117173
2025-04-27 23:00:00,-0.49848053
2025-04-28 00:00:00,0.0071979207
2025-04-28 01:00:00,0.5029163
2025-04-28 02:00:00,0.8746214
2025-04-28 03:00:00,1.0069377
2025-04-28 04:00:00,0.89272237
2025-04-28 05:00:00,0.5895131
2025-04-28 06:00:00,0.15032682
2025-04-28 07:00:00,-0.32162857
2025-04-28 08:00:00,-0.69477224
2025-04-28 09:00:00,-0.8859894
2025-04-28 10:00:00,-0.8320333
2025-04-28 11:00:00,-0.5736721
2025-04-28 12:00:00,-0.16700357
2025-04-28 13:00:00,0.26896405
2025-04-28 14:00:00,0.5956738
2025-04-28 15:00:00,0.74366856
2025-04-28 16:00:00,0.67043954
2025-04-28 17:00:00,0.36063325
2025-04-28 18:00:00,-0.068242416
2025-04-28 19:00:00,-0.5315306
2025-04-28 20:00:00,-0.8967736
2025-04-28 21:00:00,-1.0853267
2025-04-28 22:00:00,-1.0469319
2025-04-28 23:00:00,-0.7621166
2025-04-29 00:00:00,-0.3307278
2025-04-29 01:00:00,0.18225251
2025-04-29 02:00:00,0.63817126
2025-04-29 03:00:00,0.92901105
2025-04-29 04:00:00,0.99519736
2025-04-29 05:00:00,0.835471
2025-04-29 06:00:00,0.48083526
2025-04-29 07:00:00,0.020068744
2025-04-29 08:00:00,-0.41574448
2025-04-29 09:00:00,-0.7218221
2025-04-29 10:00:00,-0.8562162
2025-04-29 11:00:00,-0.7513846
2025-04-29 12:00:00,-0.44381338
2025-04-29 13:00:00,-0.048572503
2025-04-29 14:00:00,0.33083057
2025-04-29 15:00:00,0.5727807
2025-04-29 16:00:00,0.6570295
2025-04-29 17:00:00,0.49333346
2025-04-29 18:00:00,0.18994509
2025-04-29 19:00:00,-0.19895214
2025-04-29 20:00:00,-0.6033243
2025-04-29 21:00:00,-0.8993257
2025-04-29 22:00:00,-1.02966
2025-04-29 23:00:00,-0.92126155
2025-04-30 00:00:00,-0.6197015
2025-04-30 01:00:00,-0.17762235
2025-04-30 02:00:00,0.31431848
2025-04-30 03:00:00,0.7094074
2025-04-30 04:00:00,0.9258866
2025-04-30 05:00:00,0.93133926
2025-04-30 06:00:00,0.72235566
2025-04-30 07:00:00,0.35474953
2025-04-30 08:00:00,-0.061134346
2025-04-30 09:00:00,-0.44050285
2025-04-30 10:00:00,-0.7140783
2025-04-30 11:00:00,-0.75925624
2025-04-30 12:00:00,-0.6384626
2025-04-30 13:00:00,-0.34986085
2025-04-30 14:00:00,-0.027357759
2025-04-30 15:00:00,0.31238717
2025-04-30 16:00:00,0.48047718
2025-04-30 17:00:00,0.49050823
2025-04-30 18:00:00,0.34719118
2025-04-30 19:00:00,0.040671173
2025-04-30 20:00:00,-0.2931023
2025-04-30 21:00:00,-0.6439519
2025-04-30 22:00:00,-0.8541262
2025-04-30 23:00:00,-0.9179446
2025-05-01 00:00:00,-0.77612346
2025-05-01 01:00:00,-0.45434785
2025-05-01 02:00:00,-0.03250726
2025-05-01 03:00:00,0.39255512
2025-05-01 04:00:00,0.72614247
2025-05-01 05:00:00,0.8728689
2025-05-01 06:00:00,0.81482786
2025-05-01 07:00:00,0.5932807
2025-05-01 08:00:00,0.2527002
2025-05-01 09:00:00,-0.12814271
2025-05-01 10:00:00,-0.4546122
2025-05-01 11:00:00,-0.63001466
2025-05-01 12:00:00,-0.6678714
2025-05-01 13:00:00,-0.51171756
2025-05-01 14:00:00,-0.27375942
2025-05-01 15:00:00,0.015369072
2025-05-01 16:00:00,0.22976103
2025-05-01 17:00:00,0.36703864
2025-05-01 18:00:00,0.33735192
2025-05-01 19:00:00,0.18840446
2025-05-01 20:00:00,-0.053703163
2025-05-01 21:00:00,-0.3565741
2025-05-01 22:00:00,-0.60041314
2025-05-01 23:00:00,-0.7617034
2025-05-02 00:00:00,-0.76361626
2025-05-02 01:00:00,-0.6095428
2025-05-02 02:00:00,-0.31596056
2025-05-02 03:00:00,0.039464656
2025-05-02 04:00:00,0.3709169
2025-05-02 05:00:00,0.61838526
2025-05-02 06:00:00,0.7095334
2025-05-02 07:00:00,0.6465146
2025-05-02 08:00:00,0.45611468
2025-05-02 09:00:00,0.17545299
2025-05-02 10:00:00,-0.13902105
2025-05-02 11:00:00,-0.37499803
2025-05-02 12:00:00,-0.53406215
2025-05-02 13:00:00,-0.5258342
2025-05-02 14:00:00,-0.4565461
2025-05-02 15:00:00,-0.25114638
2025-05-02 16:00:00,-0.056504752
2025-05-02 17:00:00,0.13443552
2025-05-02 18:00:00,0.19796158
2025-05-02 19:00:00,0.2496231
2025-05-02 20:00:00,0.15594733
2025-05-02 21:00:00,-0.050091434
2025-05-02 22:00:00,-0.2698564
2025-05-02 23:00:00,-0.47435665
2025-05-03 00:00:00,-0.57267123
2025-05-03 01:00:00,-0.5721107
2025-05-03 02:00:00,-0.43012792
2025-05-03 03:00:00,-0.19991624
2025-05-03 04:00:00,0.08465755
2025-05-03 05:00:00,0.3514066
2025-05-03 06:00:00,0.52932346
2025-05-03 07:00:00,0.5867635
2025-05-03 08:00:00,0.53190166
2025-05-03 09:00:00,0.38036743
2025-05-03 10:00:00,0.14902143
2025-05-03 11:00:00,-0.089044996
2025-05-03 12:00:00,-0.2722135
2025-05-03 13:00:00,-0.40272
2025-05-03 14:00:00,-0.43468425
2025-05-03 15:00:00,-0.36251205
2025-05-03 16:00:00,-0.21237108
2025-05-03 17:00:00,-0.07002989
2025-05-03 18:00:00,0.06065885
